Município,Classificação,Estabelecimentos
Aiuruoca,Agência e Operadores,6
Aiuruoca,Alimentação,111
Aiuruoca,Comércio e Serviços,17
Aiuruoca,Entretenimento,17
Aiuruoca,Hospedagem,44
Aiuruoca,Transportes,13
Alagoa,Agência e Operadores,4
Alagoa,Alimentação,24
Alagoa,Comércio e Serviços,3
Alagoa,Entretenimento,4
Alagoa,Hospedagem,6
Alagoa,Transportes,3
Albertina,Agência e Operadores,1
Albertina,Alimentação,25
Albertina,Comércio e Serviços,1
Albertina,Entretenimento,5
Albertina,Hospedagem,1
Alfenas,Agência e Operadores,27
Alfenas,Alimentação,793
Alfenas,Comércio e Serviços,364
Alfenas,Entretenimento,304
Alfenas,Hospedagem,43
Alfenas,Transportes,483
Alpinópolis,Agência e Operadores,5
Alpinópolis,Alimentação,195
Alpinópolis,Comércio e Serviços,67
Alpinópolis,Entretenimento,46
Alpinópolis,Hospedagem,8
Alpinópolis,Transportes,43
Alterosa,Agência e Operadores,1
Alterosa,Alimentação,59
Alterosa,Comércio e Serviços,36
Alterosa,Entretenimento,22
Alterosa,Hospedagem,5
Alterosa,Transportes,15
Andradas,Agência e Operadores,26
Andradas,Alimentação,377
Andradas,Comércio e Serviços,118
Andradas,Entretenimento,93
Andradas,Hospedagem,23
Andradas,Transportes,112
Andrelândia,Agência e Operadores,5
Andrelândia,Alimentação,123
Andrelândia,Comércio e Serviços,27
Andrelândia,Entretenimento,34
Andrelândia,Hospedagem,12
Andrelândia,Transportes,21
Arantina,Alimentação,31
Arantina,Comércio e Serviços,4
Arantina,Entretenimento,7
Arantina,Hospedagem,5
Arantina,Transportes,1
Arceburgo,Agência e Operadores,2
Arceburgo,Alimentação,70
Arceburgo,Comércio e Serviços,22
Arceburgo,Entretenimento,11
Arceburgo,Hospedagem,3
Arceburgo,Transportes,14
Areado,Agência e Operadores,5
Areado,Alimentação,119
Areado,Comércio e Serviços,42
Areado,Entretenimento,32
Areado,Hospedagem,8
Areado,Transportes,44
Baependi,Agência e Operadores,6
Baependi,Alimentação,143
Baependi,Comércio e Serviços,233
Baependi,Entretenimento,50
Baependi,Hospedagem,21
Baependi,Transportes,41
Bandeira do Sul,Agência e Operadores,3
Bandeira do Sul,Alimentação,62
Bandeira do Sul,Comércio e Serviços,21
Bandeira do Sul,Entretenimento,5
Bandeira do Sul,Transportes,11
Boa Esperança,Agência e Operadores,10
Boa Esperança,Alimentação,363
Boa Esperança,Comércio e Serviços,169
Boa Esperança,Entretenimento,118
Boa Esperança,Hospedagem,25
Boa Esperança,Transportes,85
Bocaina de Minas,Agência e Operadores,3
Bocaina de Minas,Alimentação,101
Bocaina de Minas,Comércio e Serviços,17
Bocaina de Minas,Entretenimento,22
Bocaina de Minas,Hospedagem,90
Bocaina de Minas,Transportes,9
Bom Jardim de Minas,Alimentação,79
Bom Jardim de Minas,Comércio e Serviços,20
Bom Jardim de Minas,Entretenimento,21
Bom Jardim de Minas,Hospedagem,13
Bom Jardim de Minas,Transportes,19
Bom Jesus da Penha,Agência e Operadores,2
Bom Jesus da Penha,Alimentação,25
Bom Jesus da Penha,Comércio e Serviços,6
Bom Jesus da Penha,Entretenimento,10
Bom Jesus da Penha,Hospedagem,1
Bom Jesus da Penha,Transportes,4
Bom Repouso,Agência e Operadores,1
Bom Repouso,Alimentação,85
Bom Repouso,Comércio e Serviços,30
Bom Repouso,Entretenimento,14
Bom Repouso,Hospedagem,4
Bom Repouso,Transportes,5
Borda da Mata,Agência e Operadores,4
Borda da Mata,Alimentação,164
Borda da Mata,Comércio e Serviços,46
Borda da Mata,Entretenimento,40
Borda da Mata,Hospedagem,19
Borda da Mata,Transportes,42
Botelhos,Agência e Operadores,3
Botelhos,Alimentação,115
Botelhos,Comércio e Serviços,42
Botelhos,Entretenimento,42
Botelhos,Hospedagem,2
Botelhos,Transportes,31
Brazópolis,Agência e Operadores,3
Brazópolis,Alimentação,143
Brazópolis,Comércio e Serviços,34
Brazópolis,Entretenimento,36
Brazópolis,Hospedagem,16
Brazópolis,Transportes,19
Bueno Brandão,Agência e Operadores,9
Bueno Brandão,Alimentação,109
Bueno Brandão,Comércio e Serviços,36
Bueno Brandão,Entretenimento,20
Bueno Brandão,Hospedagem,49
Bueno Brandão,Transportes,15
Cabo Verde,Agência e Operadores,1
Cabo Verde,Alimentação,89
Cabo Verde,Comércio e Serviços,14
Cabo Verde,Entretenimento,15
Cabo Verde,Hospedagem,2
Cabo Verde,Transportes,23
Cachoeira de Minas,Agência e Operadores,4
Cachoeira de Minas,Alimentação,105
Cachoeira de Minas,Comércio e Serviços,26
Cachoeira de Minas,Entretenimento,29
Cachoeira de Minas,Hospedagem,2
Cachoeira de Minas,Transportes,27
Caldas,Agência e Operadores,7
Caldas,Alimentação,134
Caldas,Comércio e Serviços,31
Caldas,Entretenimento,33
Caldas,Hospedagem,15
Caldas,Transportes,20
Camanducaia,Agência e Operadores,92
Camanducaia,Alimentação,444
Camanducaia,Comércio e Serviços,114
Camanducaia,Entretenimento,72
Camanducaia,Hospedagem,330
Camanducaia,Transportes,71
Cambuí,Agência e Operadores,13
Cambuí,Alimentação,318
Cambuí,Comércio e Serviços,112
Cambuí,Entretenimento,96
Cambuí,Hospedagem,9
Cambuí,Transportes,115
Cambuquira,Agência e Operadores,5
Cambuquira,Alimentação,133
Cambuquira,Comércio e Serviços,45
Cambuquira,Entretenimento,27
Cambuquira,Hospedagem,10
Cambuquira,Transportes,44
Campanha,Agência e Operadores,4
Campanha,Alimentação,172
Campanha,Comércio e Serviços,78
Campanha,Entretenimento,38
Campanha,Hospedagem,6
Campanha,Transportes,28
Campestre,Agência e Operadores,5
Campestre,Alimentação,139
Campestre,Comércio e Serviços,51
Campestre,Entretenimento,36
Campestre,Hospedagem,2
Campestre,Transportes,22
Campo do Meio,Agência e Operadores,3
Campo do Meio,Alimentação,76
Campo do Meio,Comércio e Serviços,506
Campo do Meio,Entretenimento,24
Campo do Meio,Hospedagem,1
Campo do Meio,Transportes,18
Campos Gerais,Agência e Operadores,5
Campos Gerais,Alimentação,166
Campos Gerais,Comércio e Serviços,88
Campos Gerais,Entretenimento,57
Campos Gerais,Hospedagem,8
Campos Gerais,Transportes,54
Capetinga,Alimentação,33
Capetinga,Comércio e Serviços,22
Capetinga,Entretenimento,7
Capetinga,Hospedagem,1
Capetinga,Transportes,4
Capitólio,Agência e Operadores,85
Capitólio,Alimentação,165
Capitólio,Comércio e Serviços,52
Capitólio,Entretenimento,54
Capitólio,Hospedagem,148
Capitólio,Transportes,114
Careaçu,Agência e Operadores,2
Careaçu,Alimentação,58
Careaçu,Comércio e Serviços,17
Careaçu,Entretenimento,16
Careaçu,Hospedagem,4
Careaçu,Transportes,14
Carmo da Cachoeira,Agência e Operadores,3
Carmo da Cachoeira,Alimentação,89
Carmo da Cachoeira,Comércio e Serviços,34
Carmo da Cachoeira,Entretenimento,27
Carmo da Cachoeira,Hospedagem,3
Carmo da Cachoeira,Transportes,11
Carmo de Minas,Agência e Operadores,2
Carmo de Minas,Alimentação,123
Carmo de Minas,Comércio e Serviços,24
Carmo de Minas,Entretenimento,24
Carmo de Minas,Hospedagem,8
Carmo de Minas,Transportes,32
Carmo do Rio Claro,Agência e Operadores,11
Carmo do Rio Claro,Alimentação,169
Carmo do Rio Claro,Comércio e Serviços,81
Carmo do Rio Claro,Entretenimento,53
Carmo do Rio Claro,Hospedagem,20
Carmo do Rio Claro,Transportes,32
Carvalhópolis,Alimentação,20
Carvalhópolis,Comércio e Serviços,8
Carvalhópolis,Entretenimento,6
Carvalhópolis,Hospedagem,1
Carvalhópolis,Transportes,2
Carvalhos,Alimentação,28
Carvalhos,Comércio e Serviços,8
Carvalhos,Entretenimento,11
Carvalhos,Hospedagem,8
Carvalhos,Transportes,7
Cássia,Agência e Operadores,4
Cássia,Alimentação,157
Cássia,Comércio e Serviços,61
Cássia,Entretenimento,34
Cássia,Hospedagem,9
Cássia,Transportes,40
Caxambu,Agência e Operadores,23
Caxambu,Alimentação,257
Caxambu,Comércio e Serviços,131
Caxambu,Entretenimento,105
Caxambu,Hospedagem,23
Caxambu,Transportes,77
Claraval,Agência e Operadores,1
Claraval,Alimentação,19
Claraval,Comércio e Serviços,26
Claraval,Entretenimento,4
Claraval,Hospedagem,1
Claraval,Transportes,3
Conceição da Aparecida,Agência e Operadores,1
Conceição da Aparecida,Alimentação,80
Conceição da Aparecida,Comércio e Serviços,18
Conceição da Aparecida,Entretenimento,20
Conceição da Aparecida,Hospedagem,3
Conceição da Aparecida,Transportes,5
Conceição das Pedras,Alimentação,16
Conceição das Pedras,Comércio e Serviços,4
Conceição das Pedras,Entretenimento,3
Conceição das Pedras,Transportes,3
Conceição do Rio Verde,Agência e Operadores,2
Conceição do Rio Verde,Alimentação,129
Conceição do Rio Verde,Comércio e Serviços,32
Conceição do Rio Verde,Entretenimento,31
Conceição do Rio Verde,Hospedagem,8
Conceição do Rio Verde,Transportes,20
Conceição dos Ouros,Agência e Operadores,3
Conceição dos Ouros,Alimentação,120
Conceição dos Ouros,Comércio e Serviços,21
Conceição dos Ouros,Entretenimento,20
Conceição dos Ouros,Hospedagem,2
Conceição dos Ouros,Transportes,11
Congonhal,Agência e Operadores,6
Congonhal,Alimentação,125
Congonhal,Comércio e Serviços,41
Congonhal,Entretenimento,24
Congonhal,Hospedagem,8
Congonhal,Transportes,16
Consolação,Agência e Operadores,1
Consolação,Alimentação,11
Consolação,Comércio e Serviços,2
Consolação,Entretenimento,4
Consolação,Hospedagem,7
Consolação,Transportes,1
Coqueiral,Alimentação,67
Coqueiral,Comércio e Serviços,21
Coqueiral,Entretenimento,14
Coqueiral,Hospedagem,3
Coqueiral,Transportes,7
Cordislândia,Agência e Operadores,1
Cordislândia,Alimentação,26
Cordislândia,Comércio e Serviços,3
Cordislândia,Entretenimento,4
Cordislândia,Hospedagem,1
Cordislândia,Transportes,3
Córrego do Bom Jesus,Agência e Operadores,5
Córrego do Bom Jesus,Alimentação,53
Córrego do Bom Jesus,Comércio e Serviços,11
Córrego do Bom Jesus,Entretenimento,10
Córrego do Bom Jesus,Hospedagem,25
Córrego do Bom Jesus,Transportes,5
Cristina,Agência e Operadores,5
Cristina,Alimentação,82
Cristina,Comércio e Serviços,22
Cristina,Entretenimento,20
Cristina,Hospedagem,6
Cristina,Transportes,23
Cruzília,Agência e Operadores,3
Cruzília,Alimentação,178
Cruzília,Comércio e Serviços,43
Cruzília,Entretenimento,38
Cruzília,Hospedagem,6
Cruzília,Transportes,31
Delfim Moreira,Agência e Operadores,6
Delfim Moreira,Alimentação,84
Delfim Moreira,Comércio e Serviços,27
Delfim Moreira,Entretenimento,9
Delfim Moreira,Hospedagem,18
Delfim Moreira,Transportes,4
Delfinópolis,Agência e Operadores,15
Delfinópolis,Alimentação,106
Delfinópolis,Comércio e Serviços,17
Delfinópolis,Entretenimento,9
Delfinópolis,Hospedagem,64
Delfinópolis,Transportes,8
Divisa Nova,Agência e Operadores,1
Divisa Nova,Alimentação,40
Divisa Nova,Comércio e Serviços,12
Divisa Nova,Entretenimento,12
Divisa Nova,Transportes,14
Dom Viçoso,Agência e Operadores,2
Dom Viçoso,Alimentação,34
Dom Viçoso,Comércio e Serviços,3
Dom Viçoso,Entretenimento,9
Dom Viçoso,Transportes,7
Elói Mendes,Agência e Operadores,2
Elói Mendes,Alimentação,210
Elói Mendes,Comércio e Serviços,70
Elói Mendes,Entretenimento,55
Elói Mendes,Hospedagem,6
Elói Mendes,Transportes,59
Espírito Santo do Dourado,Agência e Operadores,3
Espírito Santo do Dourado,Alimentação,54
Espírito Santo do Dourado,Comércio e Serviços,12
Espírito Santo do Dourado,Entretenimento,5
Espírito Santo do Dourado,Hospedagem,1
Espírito Santo do Dourado,Transportes,4
Estiva,Agência e Operadores,1
Estiva,Alimentação,131
Estiva,Comércio e Serviços,30
Estiva,Entretenimento,21
Estiva,Hospedagem,20
Estiva,Transportes,13
Extrema,Agência e Operadores,24
Extrema,Alimentação,685
Extrema,Comércio e Serviços,320
Extrema,Entretenimento,186
Extrema,Hospedagem,66
Extrema,Transportes,405
Fama,Agência e Operadores,1
Fama,Alimentação,37
Fama,Comércio e Serviços,7
Fama,Entretenimento,9
Fama,Hospedagem,4
Fama,Transportes,7
Fortaleza de Minas,Alimentação,28
Fortaleza de Minas,Comércio e Serviços,10
Fortaleza de Minas,Entretenimento,10
Fortaleza de Minas,Hospedagem,1
Fortaleza de Minas,Transportes,4
Gonçalves,Agência e Operadores,11
Gonçalves,Alimentação,128
Gonçalves,Comércio e Serviços,22
Gonçalves,Entretenimento,21
Gonçalves,Hospedagem,96
Gonçalves,Transportes,10
Guapé,Agência e Operadores,5
Guapé,Alimentação,110
Guapé,Comércio e Serviços,34
Guapé,Entretenimento,36
Guapé,Hospedagem,25
Guapé,Transportes,23
Guaranésia,Agência e Operadores,6
Guaranésia,Alimentação,143
Guaranésia,Comércio e Serviços,59
Guaranésia,Entretenimento,41
Guaranésia,Hospedagem,7
Guaranésia,Transportes,36
Guaxupé,Agência e Operadores,15
Guaxupé,Alimentação,535
Guaxupé,Comércio e Serviços,238
Guaxupé,Entretenimento,173
Guaxupé,Hospedagem,21
Guaxupé,Transportes,367
Heliodora,Agência e Operadores,2
Heliodora,Alimentação,63
Heliodora,Comércio e Serviços,17
Heliodora,Entretenimento,7
Heliodora,Hospedagem,2
Heliodora,Transportes,6
Ibiraci,Alimentação,79
Ibiraci,Comércio e Serviços,34
Ibiraci,Entretenimento,15
Ibiraci,Hospedagem,4
Ibiraci,Transportes,9
Ibitiúra de Minas,Alimentação,28
Ibitiúra de Minas,Comércio e Serviços,8
Ibitiúra de Minas,Entretenimento,6
Ibitiúra de Minas,Hospedagem,2
Ibitiúra de Minas,Transportes,2
Ilicínea,Agência e Operadores,1
Ilicínea,Alimentação,87
Ilicínea,Comércio e Serviços,28
Ilicínea,Entretenimento,25
Ilicínea,Hospedagem,5
Ilicínea,Transportes,36
Inconfidentes,Agência e Operadores,2
Inconfidentes,Alimentação,81
Inconfidentes,Comércio e Serviços,25
Inconfidentes,Entretenimento,26
Inconfidentes,Hospedagem,20
Inconfidentes,Transportes,10
Ipuiúna,Agência e Operadores,1
Ipuiúna,Alimentação,73
Ipuiúna,Comércio e Serviços,19
Ipuiúna,Entretenimento,17
Ipuiúna,Hospedagem,3
Ipuiúna,Transportes,13
Itajubá,Agência e Operadores,36
Itajubá,Alimentação,1073
Itajubá,Comércio e Serviços,351
Itajubá,Entretenimento,325
Itajubá,Hospedagem,34
Itajubá,Transportes,683
Itamogi,Agência e Operadores,3
Itamogi,Alimentação,76
Itamogi,Comércio e Serviços,21
Itamogi,Entretenimento,23
Itamogi,Hospedagem,3
Itamogi,Transportes,7
Itamonte,Agência e Operadores,12
Itamonte,Alimentação,171
Itamonte,Comércio e Serviços,46
Itamonte,Entretenimento,47
Itamonte,Hospedagem,26
Itamonte,Transportes,50
Itanhandu,Agência e Operadores,12
Itanhandu,Alimentação,170
Itanhandu,Comércio e Serviços,54
Itanhandu,Entretenimento,50
Itanhandu,Hospedagem,15
Itanhandu,Transportes,28
Itapeva,Agência e Operadores,7
Itapeva,Alimentação,154
Itapeva,Comércio e Serviços,58
Itapeva,Entretenimento,31
Itapeva,Hospedagem,18
Itapeva,Transportes,50
Itaú de Minas,Agência e Operadores,8
Itaú de Minas,Alimentação,89
Itaú de Minas,Comércio e Serviços,51
Itaú de Minas,Entretenimento,56
Itaú de Minas,Hospedagem,4
Itaú de Minas,Transportes,23
Jacuí,Alimentação,42
Jacuí,Comércio e Serviços,12
Jacuí,Entretenimento,21
Jacuí,Hospedagem,2
Jacuí,Transportes,11
Jacutinga,Agência e Operadores,8
Jacutinga,Alimentação,267
Jacutinga,Comércio e Serviços,94
Jacutinga,Entretenimento,70
Jacutinga,Hospedagem,14
Jacutinga,Transportes,112
Jesuânia,Alimentação,50
Jesuânia,Comércio e Serviços,13
Jesuânia,Entretenimento,12
Jesuânia,Hospedagem,2
Jesuânia,Transportes,10
Juruaia,Alimentação,103
Juruaia,Comércio e Serviços,34
Juruaia,Entretenimento,18
Juruaia,Hospedagem,7
Juruaia,Transportes,8
Lambari,Agência e Operadores,12
Lambari,Alimentação,199
Lambari,Comércio e Serviços,97
Lambari,Entretenimento,60
Lambari,Hospedagem,20
Lambari,Transportes,53
Liberdade,Agência e Operadores,1
Liberdade,Alimentação,59
Liberdade,Comércio e Serviços,15
Liberdade,Entretenimento,9
Liberdade,Hospedagem,5
Liberdade,Transportes,4
Machado,Agência e Operadores,10
Machado,Alimentação,331
Machado,Comércio e Serviços,138
Machado,Entretenimento,142
Machado,Hospedagem,11
Machado,Transportes,96
Maria da Fé,Agência e Operadores,10
Maria da Fé,Alimentação,107
Maria da Fé,Comércio e Serviços,44
Maria da Fé,Entretenimento,27
Maria da Fé,Hospedagem,12
Maria da Fé,Transportes,12
Marmelópolis,Agência e Operadores,2
Marmelópolis,Alimentação,27
Marmelópolis,Comércio e Serviços,5
Marmelópolis,Entretenimento,4
Marmelópolis,Hospedagem,10
Marmelópolis,Transportes,2
Minduri,Alimentação,45
Minduri,Comércio e Serviços,4
Minduri,Entretenimento,9
Minduri,Hospedagem,1
Minduri,Transportes,10
Monsenhor Paulo,Agência e Operadores,2
Monsenhor Paulo,Alimentação,61
Monsenhor Paulo,Comércio e Serviços,30
Monsenhor Paulo,Entretenimento,13
Monsenhor Paulo,Hospedagem,1
Monsenhor Paulo,Transportes,7
Monte Belo,Agência e Operadores,4
Monte Belo,Alimentação,85
Monte Belo,Comércio e Serviços,16
Monte Belo,Entretenimento,23
Monte Belo,Hospedagem,4
Monte Belo,Transportes,18
Monte Santo de Minas,Agência e Operadores,3
Monte Santo de Minas,Alimentação,130
Monte Santo de Minas,Comércio e Serviços,64
Monte Santo de Minas,Entretenimento,62
Monte Santo de Minas,Hospedagem,7
Monte Santo de Minas,Transportes,25
Monte Sião,Agência e Operadores,4
Monte Sião,Alimentação,200
Monte Sião,Comércio e Serviços,81
Monte Sião,Entretenimento,72
Monte Sião,Hospedagem,19
Monte Sião,Transportes,35
Munhoz,Agência e Operadores,4
Munhoz,Alimentação,71
Munhoz,Comércio e Serviços,22
Munhoz,Entretenimento,12
Munhoz,Hospedagem,10
Munhoz,Transportes,5
Muzambinho,Agência e Operadores,5
Muzambinho,Alimentação,175
Muzambinho,Comércio e Serviços,70
Muzambinho,Entretenimento,61
Muzambinho,Hospedagem,7
Muzambinho,Transportes,109
Natércia,Alimentação,30
Natércia,Comércio e Serviços,6
Natércia,Entretenimento,6
Natércia,Hospedagem,2
Natércia,Transportes,8
Nova Resende,Alimentação,81
Nova Resende,Comércio e Serviços,46
Nova Resende,Entretenimento,34
Nova Resende,Hospedagem,2
Nova Resende,Transportes,13
Olímpio Noronha,Agência e Operadores,1
Olímpio Noronha,Alimentação,36
Olímpio Noronha,Comércio e Serviços,9
Olímpio Noronha,Entretenimento,2
Olímpio Noronha,Hospedagem,2
Ouro Fino,Agência e Operadores,6
Ouro Fino,Alimentação,368
Ouro Fino,Comércio e Serviços,121
Ouro Fino,Entretenimento,100
Ouro Fino,Hospedagem,19
Ouro Fino,Transportes,110
Paraguaçu,Agência e Operadores,6
Paraguaçu,Alimentação,182
Paraguaçu,Comércio e Serviços,79
Paraguaçu,Entretenimento,65
Paraguaçu,Hospedagem,5
Paraguaçu,Transportes,37
Paraisópolis,Agência e Operadores,8
Paraisópolis,Alimentação,208
Paraisópolis,Comércio e Serviços,59
Paraisópolis,Entretenimento,66
Paraisópolis,Hospedagem,56
Paraisópolis,Transportes,66
Passa Quatro,Agência e Operadores,20
Passa Quatro,Alimentação,211
Passa Quatro,Comércio e Serviços,56
Passa Quatro,Entretenimento,57
Passa Quatro,Hospedagem,29
Passa Quatro,Transportes,19
Passa Vinte,Alimentação,34
Passa Vinte,Comércio e Serviços,5
Passa Vinte,Entretenimento,2
Passa Vinte,Hospedagem,6
Passa Vinte,Transportes,3
Passos,Agência e Operadores,65
Passos,Alimentação,988
Passos,Comércio e Serviços,433
Passos,Entretenimento,427
Passos,Hospedagem,45
Passos,Transportes,268
Pedralva,Agência e Operadores,1
Pedralva,Alimentação,82
Pedralva,Comércio e Serviços,10
Pedralva,Entretenimento,26
Pedralva,Hospedagem,1
Pedralva,Transportes,13
Piranguçu,Agência e Operadores,1
Piranguçu,Alimentação,68
Piranguçu,Comércio e Serviços,11
Piranguçu,Entretenimento,11
Piranguçu,Hospedagem,4
Piranguçu,Transportes,8
Piranguinho,Agência e Operadores,1
Piranguinho,Alimentação,98
Piranguinho,Comércio e Serviços,23
Piranguinho,Entretenimento,21
Piranguinho,Hospedagem,3
Piranguinho,Transportes,13
Poço Fundo,Agência e Operadores,8
Poço Fundo,Alimentação,122
Poço Fundo,Comércio e Serviços,30
Poço Fundo,Entretenimento,23
Poço Fundo,Hospedagem,2
Poço Fundo,Transportes,23
Poços de Caldas,Agência e Operadores,129
Poços de Caldas,Alimentação,1918
Poços de Caldas,Comércio e Serviços,735
Poços de Caldas,Entretenimento,725
Poços de Caldas,Hospedagem,93
Poços de Caldas,Transportes,783
Pouso Alegre,Agência e Operadores,73
Pouso Alegre,Alimentação,1704
Pouso Alegre,Comércio e Serviços,620
Pouso Alegre,Entretenimento,623
Pouso Alegre,Hospedagem,48
Pouso Alegre,Transportes,622
Pouso Alto,Agência e Operadores,1
Pouso Alto,Alimentação,108
Pouso Alto,Comércio e Serviços,14
Pouso Alto,Entretenimento,25
Pouso Alto,Hospedagem,12
Pouso Alto,Transportes,9
Pratápolis,Agência e Operadores,4
Pratápolis,Alimentação,67
Pratápolis,Comércio e Serviços,32
Pratápolis,Entretenimento,29
Pratápolis,Hospedagem,3
Pratápolis,Transportes,10
Santana da Vargem,Agência e Operadores,2
Santana da Vargem,Alimentação,58
Santana da Vargem,Comércio e Serviços,21
Santana da Vargem,Entretenimento,17
Santana da Vargem,Hospedagem,2
Santana da Vargem,Transportes,13
Santa Rita de Caldas,Alimentação,68
Santa Rita de Caldas,Comércio e Serviços,15
Santa Rita de Caldas,Entretenimento,20
Santa Rita de Caldas,Hospedagem,2
Santa Rita de Caldas,Transportes,15
Santa Rita do Sapucaí,Agência e Operadores,23
Santa Rita do Sapucaí,Alimentação,478
Santa Rita do Sapucaí,Comércio e Serviços,135
Santa Rita do Sapucaí,Entretenimento,144
Santa Rita do Sapucaí,Hospedagem,16
Santa Rita do Sapucaí,Transportes,140
São Bento Abade,Agência e Operadores,2
São Bento Abade,Alimentação,41
São Bento Abade,Comércio e Serviços,7
São Bento Abade,Entretenimento,5
São Bento Abade,Hospedagem,1
São Bento Abade,Transportes,5
São Gonçalo do Sapucaí,Agência e Operadores,4
São Gonçalo do Sapucaí,Alimentação,236
São Gonçalo do Sapucaí,Comércio e Serviços,88
São Gonçalo do Sapucaí,Entretenimento,38
São Gonçalo do Sapucaí,Hospedagem,8
São Gonçalo do Sapucaí,Transportes,40
São João Batista do Glória,Agência e Operadores,10
São João Batista do Glória,Alimentação,118
São João Batista do Glória,Comércio e Serviços,25
São João Batista do Glória,Entretenimento,20
São João Batista do Glória,Hospedagem,56
São João Batista do Glória,Transportes,10
São João da Mata,Alimentação,36
São João da Mata,Comércio e Serviços,9
São João da Mata,Entretenimento,2
São João da Mata,Hospedagem,1
São João da Mata,Transportes,6
São José da Barra,Agência e Operadores,15
São José da Barra,Alimentação,114
São José da Barra,Comércio e Serviços,23
São José da Barra,Entretenimento,21
São José da Barra,Hospedagem,26
São José da Barra,Transportes,34
São José do Alegre,Alimentação,65
São José do Alegre,Comércio e Serviços,4
São José do Alegre,Entretenimento,10
São José do Alegre,Hospedagem,1
São José do Alegre,Transportes,11
São Lourenço,Agência e Operadores,38
São Lourenço,Alimentação,649
São Lourenço,Comércio e Serviços,247
São Lourenço,Entretenimento,268
São Lourenço,Hospedagem,82
São Lourenço,Transportes,328
São Pedro da União,Alimentação,33
São Pedro da União,Comércio e Serviços,12
São Pedro da União,Entretenimento,3
São Pedro da União,Transportes,4
São Sebastião da Bela Vista,Agência e Operadores,1
São Sebastião da Bela Vista,Alimentação,59
São Sebastião da Bela Vista,Comércio e Serviços,12
São Sebastião da Bela Vista,Entretenimento,11
São Sebastião da Bela Vista,Hospedagem,1
São Sebastião da Bela Vista,Transportes,22
São Sebastião do Paraíso,Agência e Operadores,27
São Sebastião do Paraíso,Alimentação,569
São Sebastião do Paraíso,Comércio e Serviços,265
São Sebastião do Paraíso,Entretenimento,184
São Sebastião do Paraíso,Hospedagem,18
São Sebastião do Paraíso,Transportes,189
São Sebastião do Rio Verde,Alimentação,29
São Sebastião do Rio Verde,Comércio e Serviços,8
São Sebastião do Rio Verde,Entretenimento,5
São Sebastião do Rio Verde,Hospedagem,2
São Sebastião do Rio Verde,Transportes,2
São Tomás de Aquino,Agência e Operadores,1
São Tomás de Aquino,Alimentação,46
São Tomás de Aquino,Comércio e Serviços,14
São Tomás de Aquino,Entretenimento,23
São Tomás de Aquino,Transportes,5
São Tomé das Letras,Agência e Operadores,72
São Tomé das Letras,Alimentação,217
São Tomé das Letras,Comércio e Serviços,96
São Tomé das Letras,Entretenimento,35
São Tomé das Letras,Hospedagem,180
São Tomé das Letras,Transportes,20
São Vicente de Minas,Agência e Operadores,1
São Vicente de Minas,Alimentação,93
São Vicente de Minas,Comércio e Serviços,16
São Vicente de Minas,Entretenimento,23
São Vicente de Minas,Hospedagem,7
São Vicente de Minas,Transportes,7
Sapucaí-Mirim,Agência e Operadores,11
Sapucaí-Mirim,Alimentação,88
Sapucaí-Mirim,Comércio e Serviços,20
Sapucaí-Mirim,Entretenimento,58
Sapucaí-Mirim,Hospedagem,50
Sapucaí-Mirim,Transportes,16
Senador Amaral,Agência e Operadores,4
Senador Amaral,Alimentação,59
Senador Amaral,Comércio e Serviços,14
Senador Amaral,Entretenimento,9
Senador Amaral,Hospedagem,3
Senador Amaral,Transportes,6
Senador José Bento,Alimentação,13
Senador José Bento,Comércio e Serviços,4
Senador José Bento,Entretenimento,2
Senador José Bento,Transportes,2
Seritinga,Alimentação,21
Seritinga,Comércio e Serviços,10
Seritinga,Entretenimento,7
Seritinga,Transportes,3
Serrania,Agência e Operadores,1
Serrania,Alimentação,52
Serrania,Comércio e Serviços,26
Serrania,Entretenimento,10
Serrania,Hospedagem,3
Serrania,Transportes,6
Serranos,Alimentação,23
Serranos,Comércio e Serviços,8
Serranos,Entretenimento,3
Serranos,Transportes,6
Silvianópolis,Agência e Operadores,1
Silvianópolis,Alimentação,42
Silvianópolis,Comércio e Serviços,13
Silvianópolis,Entretenimento,12
Silvianópolis,Hospedagem,1
Silvianópolis,Transportes,8
Soledade de Minas,Agência e Operadores,4
Soledade de Minas,Alimentação,80
Soledade de Minas,Comércio e Serviços,17
Soledade de Minas,Entretenimento,11
Soledade de Minas,Hospedagem,5
Soledade de Minas,Transportes,9
Tocos do Moji,Agência e Operadores,1
Tocos do Moji,Alimentação,20
Tocos do Moji,Comércio e Serviços,10
Tocos do Moji,Entretenimento,9
Tocos do Moji,Hospedagem,3
Tocos do Moji,Transportes,2
Toledo,Agência e Operadores,1
Toledo,Alimentação,69
Toledo,Comércio e Serviços,32
Toledo,Entretenimento,13
Toledo,Hospedagem,3
Toledo,Transportes,11
Três Corações,Agência e Operadores,24
Três Corações,Alimentação,699
Três Corações,Comércio e Serviços,250
Três Corações,Entretenimento,155
Três Corações,Hospedagem,20
Três Corações,Transportes,215
Três Pontas,Agência e Operadores,16
Três Pontas,Alimentação,410
Três Pontas,Comércio e Serviços,223
Três Pontas,Entretenimento,183
Três Pontas,Hospedagem,18
Três Pontas,Transportes,209
Turvolândia,Alimentação,37
Turvolândia,Comércio e Serviços,14
Turvolândia,Entretenimento,5
Turvolândia,Hospedagem,1
Turvolândia,Transportes,13
Varginha,Agência e Operadores,61
Varginha,Alimentação,1363
Varginha,Comércio e Serviços,611
Varginha,Entretenimento,567
Varginha,Hospedagem,49
Varginha,Transportes,672
Virgínia,Agência e Operadores,6
Virgínia,Alimentação,80
Virgínia,Comércio e Serviços,31
Virgínia,Entretenimento,25
Virgínia,Hospedagem,7
Virgínia,Transportes,9
Wenceslau Braz,Agência e Operadores,9
Wenceslau Braz,Alimentação,162
Wenceslau Braz,Comércio e Serviços,71
Wenceslau Braz,Entretenimento,50
Wenceslau Braz,Hospedagem,5
Wenceslau Braz,Transportes,52
