Município,Classificação,Funcionarios
Aiuruoca,Comércio e Serviços,20
Aiuruoca,Transportes,0
Aiuruoca,Alimentação,17
Aiuruoca,Entretenimento,2
Aiuruoca,Agência e Operadores,0
Aiuruoca,Hospedagem,20
Alagoa,Comércio e Serviços,5
Alagoa,Transportes,5
Alagoa,Alimentação,3
Alagoa,Entretenimento,1
Alagoa,Agência e Operadores,0
Alagoa,Hospedagem,0
Albertina,Comércio e Serviços,0
Albertina,Transportes,0
Albertina,Hospedagem,10
Albertina,Alimentação,0
Albertina,Entretenimento,4
Albertina,Agência e Operadores,0
Alfenas,Alimentação,844
Alfenas,Transportes,377
Alfenas,Entretenimento,140
Alfenas,Comércio e Serviços,282
Alfenas,Hospedagem,219
Alfenas,Agência e Operadores,9
Alpinópolis,Entretenimento,25
Alpinópolis,Comércio e Serviços,26
Alpinópolis,Transportes,2
Alpinópolis,Agência e Operadores,0
Alpinópolis,Alimentação,52
Alpinópolis,Hospedagem,16
Alterosa,Entretenimento,7
Alterosa,Transportes,1
Alterosa,Hospedagem,0
Alterosa,Alimentação,12
Alterosa,Comércio e Serviços,12
Alterosa,Agência e Operadores,0
Andrelândia,Comércio e Serviços,5
Andrelândia,Transportes,2
Andrelândia,Alimentação,30
Andrelândia,Entretenimento,12
Andrelândia,Agência e Operadores,0
Andrelândia,Hospedagem,14
Andradas,Transportes,58
Andradas,Entretenimento,71
Andradas,Comércio e Serviços,81
Andradas,Agência e Operadores,11
Andradas,Hospedagem,57
Andradas,Alimentação,314
Arantina,Comércio e Serviços,4
Arantina,Transportes,0
Arantina,Alimentação,2
Arantina,Entretenimento,1
Arantina,Agência e Operadores,0
Arantina,Hospedagem,3
Arceburgo,Comércio e Serviços,5
Arceburgo,Transportes,1
Arceburgo,Hospedagem,9
Arceburgo,Alimentação,87
Arceburgo,Entretenimento,5
Arceburgo,Agência e Operadores,0
Areado,Transportes,51
Areado,Comércio e Serviços,18
Areado,Entretenimento,11
Areado,Agência e Operadores,1
Areado,Alimentação,50
Areado,Hospedagem,6
Baependi,Comércio e Serviços,114
Baependi,Transportes,3
Baependi,Entretenimento,14
Baependi,Agência e Operadores,0
Baependi,Hospedagem,33
Baependi,Alimentação,73
Bandeira do Sul,Comércio e Serviços,12
Bandeira do Sul,Transportes,1
Bandeira do Sul,Hospedagem,0
Bandeira do Sul,Alimentação,7
Bandeira do Sul,Entretenimento,1
Bandeira do Sul,Agência e Operadores,0
Boa Esperança,Transportes,29
Boa Esperança,Entretenimento,90
Boa Esperança,Comércio e Serviços,136
Boa Esperança,Agência e Operadores,5
Boa Esperança,Hospedagem,59
Boa Esperança,Alimentação,209
Bocaina de Minas,Comércio e Serviços,17
Bocaina de Minas,Transportes,0
Bocaina de Minas,Alimentação,31
Bocaina de Minas,Entretenimento,3
Bocaina de Minas,Agência e Operadores,0
Bocaina de Minas,Hospedagem,88
Bom Jardim de Minas,Comércio e Serviços,6
Bom Jardim de Minas,Transportes,0
Bom Jardim de Minas,Hospedagem,11
Bom Jardim de Minas,Alimentação,33
Bom Jardim de Minas,Entretenimento,8
Bom Jardim de Minas,Agência e Operadores,0
Bom Jesus da Penha,Comércio e Serviços,2
Bom Jesus da Penha,Transportes,1
Bom Jesus da Penha,Hospedagem,1
Bom Jesus da Penha,Alimentação,2
Bom Jesus da Penha,Entretenimento,6
Bom Jesus da Penha,Agência e Operadores,0
Bom Repouso,Comércio e Serviços,13
Bom Repouso,Transportes,0
Bom Repouso,Alimentação,27
Bom Repouso,Entretenimento,5
Bom Repouso,Agência e Operadores,0
Bom Repouso,Hospedagem,2
Borda da Mata,Transportes,7
Borda da Mata,Comércio e Serviços,16
Borda da Mata,Entretenimento,18
Borda da Mata,Agência e Operadores,0
Borda da Mata,Hospedagem,11
Borda da Mata,Alimentação,54
Pouso Alegre,Comércio e Serviços,655
Pouso Alegre,Transportes,1006
Pouso Alegre,Entretenimento,330
Pouso Alegre,Agência e Operadores,19
Pouso Alegre,Hospedagem,373
Pouso Alegre,Alimentação,2172
Botelhos,Transportes,3
Botelhos,Hospedagem,9
Botelhos,Alimentação,43
Botelhos,Entretenimento,12
Botelhos,Comércio e Serviços,22
Botelhos,Agência e Operadores,0
Brazópolis,Comércio e Serviços,30
Brazópolis,Transportes,11
Brazópolis,Alimentação,12
Brazópolis,Entretenimento,13
Brazópolis,Agência e Operadores,0
Brazópolis,Hospedagem,5
Bueno Brandão,Transportes,0
Bueno Brandão,Alimentação,6
Bueno Brandão,Entretenimento,7
Bueno Brandão,Comércio e Serviços,13
Bueno Brandão,Agência e Operadores,0
Bueno Brandão,Hospedagem,95
Cabo Verde,Comércio e Serviços,12
Cabo Verde,Transportes,14
Cabo Verde,Alimentação,11
Cabo Verde,Entretenimento,9
Cabo Verde,Agência e Operadores,0
Cabo Verde,Hospedagem,0
Cachoeira de Minas,Comércio e Serviços,18
Cachoeira de Minas,Transportes,4
Cachoeira de Minas,Hospedagem,0
Cachoeira de Minas,Entretenimento,5
Cachoeira de Minas,Agência e Operadores,0
Cachoeira de Minas,Alimentação,35
Caldas,Transportes,0
Caldas,Entretenimento,4
Caldas,Comércio e Serviços,10
Caldas,Agência e Operadores,0
Caldas,Alimentação,45
Caldas,Hospedagem,9
Camanducaia,Agência e Operadores,7
Camanducaia,Transportes,27
Camanducaia,Alimentação,536
Camanducaia,Entretenimento,24
Camanducaia,Comércio e Serviços,60
Camanducaia,Hospedagem,795
Campestre,Comércio e Serviços,28
Campestre,Transportes,0
Campestre,Hospedagem,0
Campestre,Entretenimento,12
Campestre,Agência e Operadores,0
Campestre,Alimentação,61
Cambuí,Transportes,160
Cambuí,Hospedagem,48
Cambuí,Comércio e Serviços,61
Cambuí,Agência e Operadores,1
Cambuí,Entretenimento,30
Cambuí,Alimentação,276
Campanha,Entretenimento,10
Campanha,Transportes,2
Campanha,Comércio e Serviços,36
Campanha,Agência e Operadores,0
Campanha,Hospedagem,11
Campanha,Alimentação,106
Cambuquira,Transportes,9
Cambuquira,Alimentação,45
Cambuquira,Entretenimento,4
Cambuquira,Comércio e Serviços,21
Cambuquira,Agência e Operadores,1
Cambuquira,Hospedagem,15
Campo do Meio,Transportes,22
Campo do Meio,Hospedagem,0
Campo do Meio,Alimentação,5
Campo do Meio,Entretenimento,80
Campo do Meio,Comércio e Serviços,66
Campo do Meio,Agência e Operadores,0
Campos Gerais,Transportes,29
Campos Gerais,Entretenimento,27
Campos Gerais,Comércio e Serviços,45
Campos Gerais,Agência e Operadores,1
Campos Gerais,Hospedagem,12
Campos Gerais,Alimentação,71
Capetinga,Entretenimento,3
Capetinga,Transportes,2
Capetinga,Hospedagem,0
Capetinga,Alimentação,9
Capetinga,Comércio e Serviços,1
Capetinga,Agência e Operadores,0
Capitólio,Comércio e Serviços,52
Capitólio,Transportes,7
Capitólio,Entretenimento,188
Capitólio,Alimentação,222
Capitólio,Agência e Operadores,60
Capitólio,Hospedagem,380
Careaçu,Transportes,0
Careaçu,Comércio e Serviços,0
Careaçu,Hospedagem,20
Careaçu,Entretenimento,15
Careaçu,Agência e Operadores,0
Careaçu,Alimentação,27
Carmo da Cachoeira,Comércio e Serviços,12
Carmo da Cachoeira,Transportes,1
Carmo da Cachoeira,Hospedagem,6
Carmo da Cachoeira,Alimentação,35
Carmo da Cachoeira,Entretenimento,22
Carmo da Cachoeira,Agência e Operadores,0
Carmo de Minas,Transportes,2
Carmo de Minas,Comércio e Serviços,15
Carmo de Minas,Entretenimento,18
Carmo de Minas,Agência e Operadores,0
Carmo de Minas,Hospedagem,34
Carmo de Minas,Alimentação,30
Carmo do Rio Claro,Transportes,7
Carmo do Rio Claro,Entretenimento,15
Carmo do Rio Claro,Comércio e Serviços,70
Carmo do Rio Claro,Agência e Operadores,5
Carmo do Rio Claro,Alimentação,105
Carmo do Rio Claro,Hospedagem,36
Carvalhos,Entretenimento,2
Carvalhos,Comércio e Serviços,1
Carvalhos,Transportes,0
Carvalhos,Alimentação,5
Carvalhos,Agência e Operadores,0
Carvalhos,Hospedagem,3
Carvalhópolis,Comércio e Serviços,2
Carvalhópolis,Transportes,0
Carvalhópolis,Hospedagem,0
Carvalhópolis,Alimentação,0
Carvalhópolis,Entretenimento,0
Carvalhópolis,Agência e Operadores,0
Cássia,Transportes,4
Cássia,Hospedagem,10
Cássia,Comércio e Serviços,15
Cássia,Alimentação,38
Cássia,Entretenimento,43
Cássia,Agência e Operadores,0
Caxambu,Transportes,51
Caxambu,Comércio e Serviços,84
Caxambu,Entretenimento,28
Caxambu,Agência e Operadores,16
Caxambu,Hospedagem,234
Caxambu,Alimentação,236
Conceição das Pedras,Comércio e Serviços,0
Conceição das Pedras,Transportes,0
Conceição das Pedras,Hospedagem,0
Conceição das Pedras,Alimentação,0
Conceição das Pedras,Entretenimento,1
Conceição das Pedras,Agência e Operadores,0
Conceição da Aparecida,Agência e Operadores,0
Conceição da Aparecida,Transportes,0
Conceição da Aparecida,Hospedagem,5
Conceição da Aparecida,Alimentação,0
Conceição da Aparecida,Entretenimento,44
Conceição da Aparecida,Comércio e Serviços,14
Claraval,Comércio e Serviços,13
Claraval,Transportes,0
Claraval,Hospedagem,0
Claraval,Alimentação,3
Claraval,Entretenimento,1
Claraval,Agência e Operadores,0
Conceição do Rio Verde,Transportes,2
Conceição do Rio Verde,Entretenimento,7
Conceição do Rio Verde,Comércio e Serviços,20
Conceição do Rio Verde,Agência e Operadores,0
Conceição do Rio Verde,Hospedagem,3
Conceição do Rio Verde,Alimentação,56
Congonhal,Transportes,0
Congonhal,Entretenimento,5
Congonhal,Comércio e Serviços,13
Congonhal,Agência e Operadores,0
Congonhal,Alimentação,33
Congonhal,Hospedagem,2
Conceição dos Ouros,Transportes,1
Conceição dos Ouros,Hospedagem,0
Conceição dos Ouros,Alimentação,24
Conceição dos Ouros,Entretenimento,4
Conceição dos Ouros,Comércio e Serviços,16
Conceição dos Ouros,Agência e Operadores,0
Consolação,Comércio e Serviços,0
Consolação,Transportes,0
Consolação,Alimentação,0
Consolação,Entretenimento,1
Consolação,Agência e Operadores,0
Consolação,Hospedagem,0
Coqueiral,Transportes,2
Coqueiral,Hospedagem,5
Coqueiral,Alimentação,7
Coqueiral,Entretenimento,2
Coqueiral,Comércio e Serviços,9
Coqueiral,Agência e Operadores,0
Cordislândia,Comércio e Serviços,0
Cordislândia,Transportes,1
Cordislândia,Hospedagem,0
Cordislândia,Alimentação,4
Cordislândia,Entretenimento,2
Cordislândia,Agência e Operadores,0
Córrego do Bom Jesus,Comércio e Serviços,0
Córrego do Bom Jesus,Transportes,0
Córrego do Bom Jesus,Hospedagem,1
Córrego do Bom Jesus,Alimentação,3
Córrego do Bom Jesus,Entretenimento,1
Córrego do Bom Jesus,Agência e Operadores,0
Cristina,Transportes,0
Cristina,Hospedagem,5
Cristina,Alimentação,18
Cristina,Entretenimento,5
Cristina,Comércio e Serviços,10
Cristina,Agência e Operadores,0
Cruzília,Comércio e Serviços,40
Cruzília,Transportes,8
Cruzília,Alimentação,51
Cruzília,Entretenimento,21
Cruzília,Agência e Operadores,0
Cruzília,Hospedagem,19
Delfim Moreira,Comércio e Serviços,4
Delfim Moreira,Transportes,0
Delfim Moreira,Hospedagem,15
Delfim Moreira,Alimentação,35
Delfim Moreira,Entretenimento,1
Delfim Moreira,Agência e Operadores,0
Delfinópolis,Comércio e Serviços,9
Delfinópolis,Transportes,0
Delfinópolis,Alimentação,17
Delfinópolis,Entretenimento,1
Delfinópolis,Agência e Operadores,0
Delfinópolis,Hospedagem,51
Divisa Nova,Comércio e Serviços,18
Divisa Nova,Transportes,0
Divisa Nova,Hospedagem,0
Divisa Nova,Alimentação,4
Divisa Nova,Entretenimento,3
Divisa Nova,Agência e Operadores,0
Dom Viçoso,Comércio e Serviços,1
Dom Viçoso,Transportes,0
Dom Viçoso,Hospedagem,0
Dom Viçoso,Alimentação,7
Dom Viçoso,Entretenimento,2
Dom Viçoso,Agência e Operadores,0
Elói Mendes,Transportes,5
Elói Mendes,Hospedagem,36
Elói Mendes,Alimentação,88
Elói Mendes,Entretenimento,15
Elói Mendes,Comércio e Serviços,59
Elói Mendes,Agência e Operadores,0
Espírito Santo do Dourado,Comércio e Serviços,2
Espírito Santo do Dourado,Transportes,0
Espírito Santo do Dourado,Hospedagem,0
Espírito Santo do Dourado,Alimentação,8
Espírito Santo do Dourado,Entretenimento,3
Espírito Santo do Dourado,Agência e Operadores,0
Estiva,Transportes,0
Estiva,Entretenimento,5
Estiva,Comércio e Serviços,16
Estiva,Agência e Operadores,0
Estiva,Alimentação,192
Estiva,Hospedagem,14
Extrema,Transportes,889
Extrema,Alimentação,793
Extrema,Comércio e Serviços,832
Extrema,Entretenimento,25
Extrema,Agência e Operadores,2
Extrema,Hospedagem,246
Fama,Comércio e Serviços,0
Fama,Transportes,0
Fama,Hospedagem,9
Fama,Alimentação,5
Fama,Entretenimento,7
Fama,Agência e Operadores,0
Fortaleza de Minas,Comércio e Serviços,18
Fortaleza de Minas,Transportes,0
Fortaleza de Minas,Hospedagem,14
Fortaleza de Minas,Alimentação,0
Fortaleza de Minas,Entretenimento,4
Fortaleza de Minas,Agência e Operadores,0
Gonçalves,Entretenimento,2
Gonçalves,Comércio e Serviços,5
Gonçalves,Transportes,0
Gonçalves,Alimentação,52
Gonçalves,Agência e Operadores,0
Gonçalves,Hospedagem,50
Guapé,Transportes,5
Guapé,Alimentação,46
Guapé,Entretenimento,15
Guapé,Comércio e Serviços,9
Guapé,Agência e Operadores,1
Guapé,Hospedagem,59
Guaranésia,Transportes,21
Guaranésia,Comércio e Serviços,28
Guaranésia,Hospedagem,13
Guaranésia,Entretenimento,4
Guaranésia,Agência e Operadores,2
Guaranésia,Alimentação,53
Guaxupé,Transportes,61
Guaxupé,Comércio e Serviços,169
Guaxupé,Agência e Operadores,7
Guaxupé,Entretenimento,86
Guaxupé,Hospedagem,109
Guaxupé,Alimentação,448
Ibiraci,Transportes,0
Ibiraci,Hospedagem,0
Ibiraci,Comércio e Serviços,27
Ibiraci,Alimentação,46
Ibiraci,Entretenimento,7
Ibiraci,Agência e Operadores,0
Heliodora,Comércio e Serviços,7
Heliodora,Transportes,0
Heliodora,Hospedagem,1
Heliodora,Alimentação,3
Heliodora,Entretenimento,0
Heliodora,Agência e Operadores,0
Ibitiúra de Minas,Comércio e Serviços,4
Ibitiúra de Minas,Transportes,0
Ibitiúra de Minas,Hospedagem,0
Ibitiúra de Minas,Alimentação,2
Ibitiúra de Minas,Entretenimento,4
Ibitiúra de Minas,Agência e Operadores,0
Ilicínea,Transportes,0
Ilicínea,Alimentação,30
Ilicínea,Entretenimento,16
Ilicínea,Comércio e Serviços,1
Ilicínea,Agência e Operadores,0
Ilicínea,Hospedagem,4
Inconfidentes,Comércio e Serviços,19
Inconfidentes,Transportes,6
Inconfidentes,Alimentação,18
Inconfidentes,Entretenimento,6
Inconfidentes,Agência e Operadores,0
Inconfidentes,Hospedagem,4
Ipuiúna,Transportes,0
Ipuiúna,Alimentação,11
Ipuiúna,Comércio e Serviços,10
Ipuiúna,Hospedagem,3
Ipuiúna,Entretenimento,6
Ipuiúna,Agência e Operadores,0
Itajubá,Transportes,197
Itajubá,Entretenimento,152
Itajubá,Comércio e Serviços,344
Itajubá,Agência e Operadores,7
Itajubá,Hospedagem,146
Itajubá,Alimentação,1154
Itamogi,Transportes,1
Itamogi,Hospedagem,-1
Itamogi,Alimentação,40
Itamogi,Entretenimento,11
Itamogi,Comércio e Serviços,3
Itamogi,Agência e Operadores,0
Itamonte,Entretenimento,20
Itamonte,Transportes,3
Itamonte,Alimentação,96
Itamonte,Comércio e Serviços,71
Itamonte,Agência e Operadores,0
Itamonte,Hospedagem,55
Itanhandu,Transportes,3
Itanhandu,Comércio e Serviços,39
Itanhandu,Entretenimento,9
Itanhandu,Agência e Operadores,0
Itanhandu,Alimentação,47
Itanhandu,Hospedagem,22
Paraisópolis,Transportes,66
Paraisópolis,Alimentação,117
Paraisópolis,Entretenimento,13
Paraisópolis,Comércio e Serviços,58
Paraisópolis,Agência e Operadores,0
Paraisópolis,Hospedagem,45
Itapeva,Transportes,8
Itapeva,Alimentação,191
Itapeva,Entretenimento,8
Itapeva,Comércio e Serviços,532
Itapeva,Agência e Operadores,0
Itapeva,Hospedagem,155
Itaú de Minas,Alimentação,64
Itaú de Minas,Transportes,23
Itaú de Minas,Hospedagem,9
Itaú de Minas,Entretenimento,17
Itaú de Minas,Comércio e Serviços,21
Itaú de Minas,Agência e Operadores,3
Jacuí,Comércio e Serviços,5
Jacuí,Transportes,0
Jacuí,Hospedagem,0
Jacuí,Alimentação,8
Jacuí,Entretenimento,6
Jacuí,Agência e Operadores,0
Jacutinga,Transportes,34
Jacutinga,Comércio e Serviços,43
Jacutinga,Entretenimento,169
Jacutinga,Agência e Operadores,2
Jacutinga,Hospedagem,32
Jacutinga,Alimentação,178
Jesuânia,Comércio e Serviços,5
Jesuânia,Transportes,0
Jesuânia,Hospedagem,0
Jesuânia,Alimentação,2
Jesuânia,Entretenimento,2
Jesuânia,Agência e Operadores,0
Juruaia,Transportes,0
Juruaia,Alimentação,38
Juruaia,Entretenimento,6
Juruaia,Comércio e Serviços,13
Juruaia,Agência e Operadores,0
Juruaia,Hospedagem,4
Lambari,Transportes,50
Lambari,Alimentação,190
Lambari,Entretenimento,33
Lambari,Hospedagem,89
Lambari,Comércio e Serviços,71
Lambari,Agência e Operadores,0
Liberdade,Comércio e Serviços,12
Liberdade,Transportes,0
Liberdade,Alimentação,0
Liberdade,Entretenimento,4
Liberdade,Agência e Operadores,0
Liberdade,Hospedagem,0
Maria da Fé,Comércio e Serviços,29
Maria da Fé,Entretenimento,169
Maria da Fé,Transportes,4
Maria da Fé,Agência e Operadores,0
Maria da Fé,Alimentação,24
Maria da Fé,Hospedagem,11
Machado,Transportes,54
Machado,Hospedagem,28
Machado,Entretenimento,57
Machado,Comércio e Serviços,151
Machado,Agência e Operadores,0
Machado,Alimentação,208
Marmelópolis,Comércio e Serviços,2
Marmelópolis,Transportes,0
Marmelópolis,Alimentação,1
Marmelópolis,Entretenimento,2
Marmelópolis,Agência e Operadores,0
Marmelópolis,Hospedagem,0
Minduri,Comércio e Serviços,6
Minduri,Transportes,1
Minduri,Hospedagem,0
Minduri,Alimentação,8
Minduri,Entretenimento,2
Minduri,Agência e Operadores,0
Monsenhor Paulo,Comércio e Serviços,19
Monsenhor Paulo,Transportes,1
Monsenhor Paulo,Hospedagem,2
Monsenhor Paulo,Entretenimento,5
Monsenhor Paulo,Agência e Operadores,0
Monsenhor Paulo,Alimentação,2
Monte Belo,Alimentação,15
Monte Belo,Comércio e Serviços,3
Monte Belo,Transportes,10
Monte Belo,Hospedagem,3
Monte Belo,Entretenimento,19
Monte Belo,Agência e Operadores,3
Monte Santo de Minas,Transportes,1
Monte Santo de Minas,Hospedagem,22
Monte Santo de Minas,Entretenimento,15
Monte Santo de Minas,Comércio e Serviços,53
Monte Santo de Minas,Agência e Operadores,0
Monte Santo de Minas,Alimentação,89
Munhoz,Comércio e Serviços,7
Munhoz,Transportes,0
Munhoz,Hospedagem,1
Munhoz,Alimentação,3
Munhoz,Entretenimento,6
Munhoz,Agência e Operadores,1
Muzambinho,Comércio e Serviços,35
Muzambinho,Transportes,10
Muzambinho,Hospedagem,6
Muzambinho,Alimentação,139
Muzambinho,Entretenimento,19
Muzambinho,Agência e Operadores,2
Monte Sião,Transportes,32
Monte Sião,Alimentação,61
Monte Sião,Entretenimento,34
Monte Sião,Comércio e Serviços,53
Monte Sião,Agência e Operadores,0
Monte Sião,Hospedagem,107
Natércia,Comércio e Serviços,1
Natércia,Transportes,1
Natércia,Hospedagem,1
Natércia,Alimentação,0
Natércia,Entretenimento,4
Natércia,Agência e Operadores,0
Nova Resende,Entretenimento,14
Nova Resende,Transportes,14
Nova Resende,Comércio e Serviços,24
Nova Resende,Agência e Operadores,0
Nova Resende,Hospedagem,3
Nova Resende,Alimentação,20
Olímpio Noronha,Comércio e Serviços,15
Olímpio Noronha,Transportes,0
Olímpio Noronha,Hospedagem,0
Olímpio Noronha,Alimentação,0
Olímpio Noronha,Entretenimento,2
Olímpio Noronha,Agência e Operadores,0
Ouro Fino,Transportes,27
Ouro Fino,Comércio e Serviços,121
Ouro Fino,Entretenimento,70
Ouro Fino,Agência e Operadores,1
Ouro Fino,Hospedagem,119
Ouro Fino,Alimentação,153
Passa Quatro,Hospedagem,189
Passa Quatro,Transportes,26
Passa Quatro,Alimentação,79
Passa Quatro,Entretenimento,23
Passa Quatro,Comércio e Serviços,20
Passa Quatro,Agência e Operadores,0
Paraguaçu,Transportes,13
Paraguaçu,Hospedagem,35
Paraguaçu,Entretenimento,33
Paraguaçu,Comércio e Serviços,59
Paraguaçu,Agência e Operadores,2
Paraguaçu,Alimentação,71
Passa Vinte,Comércio e Serviços,0
Passa Vinte,Transportes,0
Passa Vinte,Hospedagem,0
Passa Vinte,Alimentação,1
Passa Vinte,Entretenimento,1
Passa Vinte,Agência e Operadores,0
Pedralva,Entretenimento,4
Pedralva,Transportes,13
Pedralva,Hospedagem,0
Pedralva,Alimentação,26
Pedralva,Comércio e Serviços,6
Pedralva,Agência e Operadores,0
Passos,Transportes,292
Passos,Comércio e Serviços,462
Passos,Entretenimento,488
Passos,Alimentação,959
Passos,Agência e Operadores,16
Passos,Hospedagem,188
Piranguçu,Comércio e Serviços,0
Piranguçu,Transportes,21
Piranguçu,Alimentação,26
Piranguçu,Entretenimento,1
Piranguçu,Hospedagem,1
Piranguçu,Agência e Operadores,0
Piranguinho,Transportes,5
Piranguinho,Hospedagem,17
Piranguinho,Entretenimento,2
Piranguinho,Comércio e Serviços,31
Piranguinho,Agência e Operadores,0
Piranguinho,Alimentação,96
Poço Fundo,Comércio e Serviços,16
Poço Fundo,Transportes,2
Poço Fundo,Alimentação,11
Poço Fundo,Entretenimento,7
Poço Fundo,Agência e Operadores,2
Poço Fundo,Hospedagem,1
Poços de Caldas,Transportes,797
Poços de Caldas,Agência e Operadores,51
Poços de Caldas,Entretenimento,428
Poços de Caldas,Hospedagem,1632
Poços de Caldas,Alimentação,2271
Poços de Caldas,Comércio e Serviços,787
Santa Rita de Caldas,Entretenimento,12
Santa Rita de Caldas,Transportes,0
Santa Rita de Caldas,Hospedagem,2
Santa Rita de Caldas,Alimentação,10
Santa Rita de Caldas,Comércio e Serviços,5
Santa Rita de Caldas,Agência e Operadores,0
Pouso Alto,Transportes,6
Pouso Alto,Comércio e Serviços,9
Pouso Alto,Alimentação,63
Pouso Alto,Entretenimento,5
Pouso Alto,Agência e Operadores,0
Pouso Alto,Hospedagem,127
Pratápolis,Comércio e Serviços,19
Pratápolis,Transportes,1
Pratápolis,Hospedagem,1
Pratápolis,Alimentação,41
Pratápolis,Entretenimento,4
Pratápolis,Agência e Operadores,1
Santa Rita do Sapucaí,Transportes,69
Santa Rita do Sapucaí,Hospedagem,48
Santa Rita do Sapucaí,Entretenimento,52
Santa Rita do Sapucaí,Comércio e Serviços,93
Santa Rita do Sapucaí,Agência e Operadores,13
Santa Rita do Sapucaí,Alimentação,245
Santana da Vargem,Comércio e Serviços,18
Santana da Vargem,Transportes,57
Santana da Vargem,Hospedagem,6
Santana da Vargem,Entretenimento,3
Santana da Vargem,Alimentação,23
Santana da Vargem,Agência e Operadores,0
São Bento Abade,Comércio e Serviços,0
São Bento Abade,Transportes,0
São Bento Abade,Hospedagem,0
São Bento Abade,Alimentação,10
São Bento Abade,Entretenimento,2
São Bento Abade,Agência e Operadores,0
São Gonçalo do Sapucaí,Transportes,12
São Gonçalo do Sapucaí,Entretenimento,21
São Gonçalo do Sapucaí,Comércio e Serviços,39
São Gonçalo do Sapucaí,Hospedagem,16
São Gonçalo do Sapucaí,Alimentação,234
São Gonçalo do Sapucaí,Agência e Operadores,1
São João Batista do Glória,Transportes,0
São João Batista do Glória,Alimentação,108
São João Batista do Glória,Entretenimento,12
São João Batista do Glória,Comércio e Serviços,12
São João Batista do Glória,Agência e Operadores,2
São João Batista do Glória,Hospedagem,52
São João da Mata,Comércio e Serviços,11
São João da Mata,Transportes,0
São João da Mata,Hospedagem,0
São João da Mata,Alimentação,2
São João da Mata,Entretenimento,1
São João da Mata,Agência e Operadores,0
São José da Barra,Comércio e Serviços,1
São José da Barra,Transportes,5
São José da Barra,Alimentação,15
São José da Barra,Entretenimento,15
São José da Barra,Agência e Operadores,0
São José da Barra,Hospedagem,5
São José do Alegre,Comércio e Serviços,2
São José do Alegre,Transportes,3
São José do Alegre,Hospedagem,0
São José do Alegre,Alimentação,10
São José do Alegre,Entretenimento,1
São José do Alegre,Agência e Operadores,0
São Lourenço,Transportes,46
São Lourenço,Hospedagem,432
São Lourenço,Entretenimento,114
São Lourenço,Comércio e Serviços,178
São Lourenço,Alimentação,681
São Lourenço,Agência e Operadores,5
São Pedro da União,Comércio e Serviços,3
São Pedro da União,Transportes,0
São Pedro da União,Hospedagem,0
São Pedro da União,Alimentação,1
São Pedro da União,Entretenimento,2
São Pedro da União,Agência e Operadores,0
São Sebastião da Bela Vista,Comércio e Serviços,1
São Sebastião da Bela Vista,Transportes,2
São Sebastião da Bela Vista,Hospedagem,0
São Sebastião da Bela Vista,Alimentação,178
São Sebastião da Bela Vista,Entretenimento,5
São Sebastião da Bela Vista,Agência e Operadores,0
São Sebastião do Paraíso,Transportes,64
São Sebastião do Paraíso,Comércio e Serviços,209
São Sebastião do Paraíso,Agência e Operadores,16
São Sebastião do Paraíso,Entretenimento,141
São Sebastião do Paraíso,Hospedagem,152
São Sebastião do Paraíso,Alimentação,504
São Tomás de Aquino,Alimentação,6
São Tomás de Aquino,Comércio e Serviços,5
São Tomás de Aquino,Transportes,0
São Tomás de Aquino,Hospedagem,0
São Tomás de Aquino,Entretenimento,4
São Tomás de Aquino,Agência e Operadores,0
São Sebastião do Rio Verde,Alimentação,1
São Sebastião do Rio Verde,Entretenimento,1
São Sebastião do Rio Verde,Comércio e Serviços,0
São Sebastião do Rio Verde,Transportes,0
São Sebastião do Rio Verde,Hospedagem,6
São Sebastião do Rio Verde,Agência e Operadores,0
São Tomé das Letras,Comércio e Serviços,17
São Tomé das Letras,Transportes,0
São Tomé das Letras,Alimentação,155
São Tomé das Letras,Entretenimento,4
São Tomé das Letras,Hospedagem,88
São Tomé das Letras,Agência e Operadores,7
São Vicente de Minas,Comércio e Serviços,20
São Vicente de Minas,Transportes,1
São Vicente de Minas,Alimentação,34
São Vicente de Minas,Entretenimento,2
São Vicente de Minas,Agência e Operadores,0
São Vicente de Minas,Hospedagem,22
Sapucaí-Mirim,Entretenimento,142
Sapucaí-Mirim,Comércio e Serviços,19
Sapucaí-Mirim,Transportes,2
Sapucaí-Mirim,Agência e Operadores,17
Sapucaí-Mirim,Alimentação,21
Sapucaí-Mirim,Hospedagem,311
Senador Amaral,Comércio e Serviços,1
Senador Amaral,Transportes,0
Senador Amaral,Alimentação,8
Senador Amaral,Entretenimento,3
Senador Amaral,Agência e Operadores,0
Senador Amaral,Hospedagem,2
Senador José Bento,Comércio e Serviços,0
Senador José Bento,Transportes,0
Senador José Bento,Hospedagem,0
Senador José Bento,Alimentação,2
Senador José Bento,Entretenimento,0
Senador José Bento,Agência e Operadores,0
Seritinga,Comércio e Serviços,3
Seritinga,Entretenimento,0
Seritinga,Transportes,0
Seritinga,Hospedagem,0
Seritinga,Alimentação,11
Seritinga,Agência e Operadores,0
Serrania,Transportes,0
Serrania,Hospedagem,2
Serrania,Alimentação,10
Serrania,Entretenimento,4
Serrania,Comércio e Serviços,5
Serrania,Agência e Operadores,0
Serranos,Comércio e Serviços,0
Serranos,Transportes,0
Serranos,Hospedagem,0
Serranos,Alimentação,0
Serranos,Entretenimento,1
Serranos,Agência e Operadores,0
Silvianópolis,Comércio e Serviços,6
Silvianópolis,Transportes,0
Silvianópolis,Hospedagem,0
Silvianópolis,Alimentação,52
Silvianópolis,Entretenimento,3
Silvianópolis,Agência e Operadores,0
Soledade de Minas,Comércio e Serviços,2
Soledade de Minas,Transportes,0
Soledade de Minas,Alimentação,63
Soledade de Minas,Entretenimento,0
Soledade de Minas,Agência e Operadores,0
Soledade de Minas,Hospedagem,49
Tocos do Moji,Comércio e Serviços,3
Tocos do Moji,Transportes,0
Tocos do Moji,Hospedagem,0
Tocos do Moji,Alimentação,3
Tocos do Moji,Entretenimento,1
Tocos do Moji,Agência e Operadores,0
Toledo,Hospedagem,0
Toledo,Comércio e Serviços,11
Toledo,Transportes,0
Toledo,Alimentação,1
Toledo,Entretenimento,4
Toledo,Agência e Operadores,0
Três Pontas,Entretenimento,102
Três Pontas,Transportes,34
Três Pontas,Comércio e Serviços,229
Três Pontas,Agência e Operadores,7
Três Pontas,Hospedagem,66
Três Pontas,Alimentação,387
Três Corações,Transportes,195
Três Corações,Comércio e Serviços,346
Três Corações,Entretenimento,94
Três Corações,Alimentação,902
Três Corações,Hospedagem,58
Três Corações,Agência e Operadores,10
Turvolândia,Comércio e Serviços,4
Turvolândia,Transportes,6
Turvolândia,Hospedagem,0
Turvolândia,Alimentação,3
Turvolândia,Entretenimento,5
Turvolândia,Agência e Operadores,0
Varginha,Transportes,371
Varginha,Comércio e Serviços,619
Varginha,Entretenimento,1002
Varginha,Hospedagem,232
Varginha,Agência e Operadores,11
Varginha,Alimentação,1638
Virgínia,Transportes,0
Virgínia,Hospedagem,579
Virgínia,Alimentação,5
Virgínia,Entretenimento,5
Virgínia,Comércio e Serviços,52
Virgínia,Agência e Operadores,0
Wenceslau Braz,Comércio e Serviços,0
Wenceslau Braz,Transportes,2
Wenceslau Braz,Hospedagem,0
Wenceslau Braz,Alimentação,2
Wenceslau Braz,Entretenimento,0
Wenceslau Braz,Agência e Operadores,0
